Artist;Top Track;Popularity;Genre;Image-URL-L
Thad Kopec;One Last Wedding;18;Indie;https://i.scdn.co/image/ab67616d0000b27316f5a7835a021ffe5e5992a3
Thad Kopec;Bereft of the Myth;18;Indie;https://f4.bcbits.com/img/a4209830442_10.jpg
Thad Kopec;Nature of Belonging;18;Indie;https://i.scdn.co/image/ab67616d0000b2731932f47d507e88b8995ecf75
Thad Kopec;I Will Listen;18;Indie;https://i.scdn.co/image/ab67616d0000b2731932f47d507e88b8995ecf75
Thad Kopec;Sitting Sill (feat. Liza Anne);18;Indie;https://cdn.musicbed.com/image/upload/c_fill,dpr_auto,f_auto,g_auto,q_auto,w_400,h_400/v1513265409/production/albums/3669
Songs Of Water;The Sea Has Spoken;24;Indie;https://cdn.musicbed.com/image/upload/c_fill,dpr_auto,f_auto,g_auto,q_auto,w_400,h_400/v1/production/albums/444
Songs Of Water;Everything That Rises;24;Indie;https://cdn.musicbed.com/image/upload/c_fill,dpr_auto,f_auto,g_auto,q_auto,w_400,h_400/v1/production/albums/444
Songs Of Water;11 Miles;24;Indie;https://i.scdn.co/image/ab67616d0000b273b76413ee923f577a00484ff0
Songs Of Water;Horizons;24;Indie;https://cdn.musicbed.com/image/upload/c_fill,dpr_auto,f_auto,g_auto,q_auto:best,h_400,w_400/v1526920096/production/albums/3974
Songs Of Water;Golden Summer;24;Indie;https://i.scdn.co/image/ab67616d0000b273b76413ee923f577a00484ff0
Optiganally Yours;Night Shop;12;Indie;https://i1.sndcdn.com/artworks-8N8cqbv1Cx8X-0-t500x500.jpg
Optiganally Yours;Gepetto;12;Indie;https://i.scdn.co/image/ab67616d0000b2730ee26e9d3b9783382a6fc0b6
Optiganally Yours;Whomever Watches You Sleep;12;Indie;https://i1.sndcdn.com/artworks-8N8cqbv1Cx8X-0-t500x500.jpg
Optiganally Yours;How Do You Feel?;12;Indie;https://i1.sndcdn.com/artworks-8N8cqbv1Cx8X-0-t500x500.jpg
Optiganally Yours;Hope in Your Eyes;12;Indie;https://i1.sndcdn.com/artworks-8N8cqbv1Cx8X-0-t500x500.jpg
Moonface;Minotaur Forgiving Knossos;21;Indie;https://f4.bcbits.com/img/a3775302856_10.jpg
Moonface;Teary Eyes And Bloody Lips;21;Indie;https://i.scdn.co/image/ab67616d0000b273b3d6403fe706540a59e20d55
Moonface;Barbarian;21;Indie;https://images.genius.com/28cc9f0b90650fdca69c943e8a8df67c.550x550x1.jpg
Moonface;Minotaur Forgiving Minos;21;Indie;https://f4.bcbits.com/img/a3775302856_10.jpg
Moonface;Minotaur Forgiving Theseus;21;Indie;https://f4.bcbits.com/img/a3775302856_10.jpg
Bunny Lowe;Seventeen;14;Indie;https://images.genius.com/5f94e420892bbe0167116d001e737322.1000x1000x1.png
Bunny Lowe;Nicoteen;14;Indie;https://i.scdn.co/image/ab67616d00001e025c3f0856d14b247eb0faf4df
Bunny Lowe;Strawberry;14;Indie;https://i.scdn.co/image/ab67616d00001e025c3f0856d14b247eb0faf4df
Bunny Lowe;Blood In My Nikes;14;Indie;https://i.scdn.co/image/ab67616d00001e0216bbbb6cb75d977a96f59389
Bunny Lowe;Wow.;14;Indie;https://i.scdn.co/image/ab67616d00001e02b6ed56133ad5a3a4d06aa877
Azeda Booth;Be It;6;Indie;https://f4.bcbits.com/img/a1854805595_10.jpg
Azeda Booth;Ran;6;Indie;https://f4.bcbits.com/img/a1854805595_10.jpg
Azeda Booth;In Red;6;Indie;https://f4.bcbits.com/img/a1854805595_10.jpg
Azeda Booth;Big Fists;6;Indie;https://f4.bcbits.com/img/a1854805595_10.jpg
Azeda Booth;Numberguts;6;Indie;https://f4.bcbits.com/img/a1854805595_10.jpg
Go Cactus;No Money;7;Indie;https://cdns-images.dzcdn.net/images/cover/b5b8f6d57849ecd8863eaaa730835d6b/264x264.jpg
Go Cactus;Space Monkey;7;Indie;https://f4.bcbits.com/img/a1510430627_10.jpg
Go Cactus;On Time;7;Indie;https://cdns-images.dzcdn.net/images/cover/b5b8f6d57849ecd8863eaaa730835d6b/264x264.jpg
Go Cactus;Hippie Jump;7;Indie;https://i.scdn.co/image/ab67616d0000b27301ce454f178d1a64891f3c42
Go Cactus;Something in Your Drink;7;Indie;https://f4.bcbits.com/img/a2553132559_65
Oceanator;I Would Find You;24;Indie;https://images.genius.com/eb480146fe44fb1c464b48ce3b4d0250.1000x1000x1.jpg
Oceanator;Stuck;24;Indie;https://i1.sndcdn.com/artworks-55LOFodZ0cak-0-t500x500.jpg
Oceanator;Bad Brain Daze;24;Indie;https://i1.sndcdn.com/artworks-55LOFodZ0cak-0-t500x500.jpg
Oceanator;Heartbeat;24;Indie;https://images.genius.com/eb480146fe44fb1c464b48ce3b4d0250.1000x1000x1.jpg
Oceanator;The Last Summer;24;Indie;https://i1.sndcdn.com/artworks-55LOFodZ0cak-0-t500x500.jpg
Crisman;Cya;29;Indie;https://f4.bcbits.com/img/a1802704519_10.jpg
Crisman;Portrait;29;Indie;https://f4.bcbits.com/img/a1802704519_10.jpg
Crisman;Ocean;29;Indie;https://f4.bcbits.com/img/a1802704519_10.jpg
Crisman;Surprise;29;Indie;https://f4.bcbits.com/img/a1802704519_10.jpg
Crisman;Rain;29;Indie;https://f4.bcbits.com/img/a1802704519_10.jpg
Gabby's World;The Thunder Answered Back;30;Indie;https://f4.bcbits.com/img/a0498162461_65
Gabby's World;Alone at the Party;30;Indie;https://f4.bcbits.com/img/a0498162461_65
Gabby's World;Broken Necks;30;Indie;https://f4.bcbits.com/img/a0498162461_65
Gabby's World;Corrina;30;Indie;https://f4.bcbits.com/img/a3519582721_10.jpg
Gabby's World;I Admit That I'm Scared;30;Indie;https://f4.bcbits.com/img/a0498162461_65
Foster The People;Pumped Up Kicks;73;Indie;https://i.scdn.co/image/ab67616d0000b273121d5f92cf90576907dfb1e5
Foster The People;Imagination;73;Indie;https://i.scdn.co/image/ab67616d0000b27366d1f6f5ce667d4d9cf8c2bd
Foster The People;Sit Next to Me;73;Indie;https://i1.sndcdn.com/artworks-r0igrqPc0WGfK574-HBZTzw-t500x500.jpg
Foster The People;Houdini;73;Indie;https://i.scdn.co/image/ab67616d0000b273121d5f92cf90576907dfb1e5
Foster The People;Helena Beat;73;Indie;https://i.scdn.co/image/ab67616d0000b273121d5f92cf90576907dfb1e5
The Whitest Boy Alive;Burning;56;Indie;https://i.scdn.co/image/ab67616d0000b273e4d362bfaef191f854113c9f
The Whitest Boy Alive;1517;56;Indie;https://i.scdn.co/image/ab67616d0000b2735c40a5991740f1ccd70dc2eb
The Whitest Boy Alive;Golden Cage;56;Indie;https://i.scdn.co/image/ab67616d0000b273e4d362bfaef191f854113c9f
The Whitest Boy Alive;Inflation;56;Indie;https://i.scdn.co/image/ab67616d0000b273e4d362bfaef191f854113c9f
The Whitest Boy Alive;Fireworks;56;Indie;https://i.scdn.co/image/ab67616d0000b273e4d362bfaef191f854113c9f
Arcade Fire;The Suburbs;68;Indie;https://upload.wikimedia.org/wikipedia/en/8/81/Arcade_Fire_-_The_Suburbs.jpg
Arcade Fire;Wake Up;68;Indie;https://media.pitchfork.com/photos/5929a1a8c0084474cd0bfe6a/1:1/w_600/2099047d.jpg
Arcade Fire;Rebellion (Lies);68;Indie;https://media.pitchfork.com/photos/5929a1a8c0084474cd0bfe6a/1:1/w_600/2099047d.jpg
Arcade Fire;Everything Now;68;Indie;https://upload.wikimedia.org/wikipedia/en/0/0e/Everything_Now_Arcade_Fire.jpg
Arcade Fire;Song on the Beach;68;Indie;https://i.scdn.co/image/ab67616d0000b2739ee9e7d7391bef6297cd9448
Mac DeMarco;Heart To Heart;83;Indie;https://images.genius.com/a7ddbb793ff659db02588b99e7186ecb.1000x1000x1.jpg
Mac DeMarco;Chamber Of Reflection;83;Indie;https://ukutabs.com/wp-content/uploads/2021/08/Salad-Days.jpg
Mac DeMarco;For the First Time;83;Indie;https://i1.sndcdn.com/artworks-TaeZ85Z0efhr-0-t500x500.jpg
Mac DeMarco;My Kind of Woman;83;Indie;https://i.scdn.co/image/ab67616d0000b2739d377496c6bc8724b521222d
Mac DeMarco;Freaking Out the Neighborhood;83;Indie;https://i.scdn.co/image/ab67616d0000b2739d377496c6bc8724b521222d
Tame Impala;The Less I Know The Better;83;Indie;https://www.beautifulsongoftheweek.com/wp-content/uploads/2023/02/tame-impala-cover.jpeg
Tame Impala;Borderline;83;Indie;https://i.scdn.co/image/ab67616d0000b27358267bd34420a00d5cf83a49
Tame Impala;New Gold (feat. Tame Impala and Bootie Brown);83;Indie;https://static.stereogum.com/uploads/2022/08/unnamed-2022-08-30T110543.297-1661872541.jpg
Tame Impala;New Person, Same Old Mistakes;83;Indie;https://www.beautifulsongoftheweek.com/wp-content/uploads/2023/02/tame-impala-cover.jpeg
Tame Impala;Eventually;83;Indie;https://www.beautifulsongoftheweek.com/wp-content/uploads/2023/02/tame-impala-cover.jpeg
Foals;My Number;66;Indie;https://i.scdn.co/image/ab67616d0000b273e7b05d4a95e0907e63789ce7
Foals;Mountain at My Gates;66;Indie;https://i.scdn.co/image/ab67616d0000b273534284c01be83b5abbd206bb
Foals;2am;66;Indie;https://i.scdn.co/image/ab67616d00001e0245a99e9953b74689ae4ff83d
Foals;Late Night - Solomun Remix;66;Indie;https://i.scdn.co/image/ab67616d0000b27349c1db5993c70afdd56ed2f9
Foals;Spanish Sahara;66;Indie;https://i1.sndcdn.com/artworks-9WhFB2Xz8iKZ-0-t500x500.png
Wet Leg;Wet Dream;66;Indie;https://i.scdn.co/image/ab67616d0000b273ea1126a33b0fb88e79915262
Wet Leg;Chaise Longue;66;Indie;https://i.scdn.co/image/ab67616d0000b273ea1126a33b0fb88e79915262
Wet Leg;Being In Love;66;Indie;https://i.scdn.co/image/ab67616d0000b273ea1126a33b0fb88e79915262
Wet Leg;Angelica;66;Indie;https://images.genius.com/b35af4634d9a36eca682fa5a574a399f.1000x1000x1.png
Wet Leg;Ur Mum;66;Indie;https://i.scdn.co/image/ab67616d0000b273ea1126a33b0fb88e79915262
Two Door Cinema Club;What You Know;70;Indie;https://i.scdn.co/image/ab67616d0000b273635eb2cbc738455671d199db
Two Door Cinema Club;Undercover Martyn;70;Indie;https://i.scdn.co/image/ab67616d0000b273635eb2cbc738455671d199db
Two Door Cinema Club;Something Good Can Work;70;Indie;https://i.scdn.co/image/ab67616d0000b273635eb2cbc738455671d199db
Two Door Cinema Club;Sun;70;Indie;https://upload.wikimedia.org/wikipedia/en/1/19/SunCoverTDCC.jpg
Two Door Cinema Club;I Can Talk;70;Indie;https://i.scdn.co/image/ab67616d0000b273635eb2cbc738455671d199db
Cage The Elephant;Cigarette Daydreams;76;Indie;https://i.scdn.co/image/ab67616d0000b273fb1cb900d28642e668d77b12
Cage The Elephant;Ain't No Rest for the Wicked;76;Indie;https://i.scdn.co/image/ab67616d0000b273e4800c920780ac18d4ab6730
Cage The Elephant;Come a Little Closer;76;Indie;https://i.scdn.co/image/ab67616d0000b273fb1cb900d28642e668d77b12
Cage The Elephant;Trouble;76;Indie;https://i.scdn.co/image/ab67616d0000b273e7dd69ac32cf313fde62cbad
Cage The Elephant;Cold Cold Cold;76;Indie;https://i.scdn.co/image/ab67616d0000b273e7dd69ac32cf313fde62cbad
Arctic Monkeys;I Wanna Be Yours;89;Indie;https://images.genius.com/af4ac59ba9e3e8b0fe70d7c1156ff8f2.1000x1000x1.jpg
Arctic Monkeys;505;89;Indie;https://i.ytimg.com/vi/MrmPDUvKyLs/sddefault.jpg
Arctic Monkeys;Do I Wanna Know?;89;Indie;https://images.genius.com/af4ac59ba9e3e8b0fe70d7c1156ff8f2.1000x1000x1.jpg
Arctic Monkeys;Why'd You Only Call Me When You're High?;89;Indie;https://images.genius.com/af4ac59ba9e3e8b0fe70d7c1156ff8f2.1000x1000x1.jpg
Arctic Monkeys;R U Mine?;89;Indie;https://images.genius.com/af4ac59ba9e3e8b0fe70d7c1156ff8f2.1000x1000x1.jpg
Juletta;Across the World (feat. Ishan);13;Pop;https://i.scdn.co/image/ab67616d0000b273525135ee4c2a81101dc15685
Juletta;Strawberry;13;Pop;https://i.scdn.co/image/ab67616d0000b273049bfb9f32c3d5d93f70b27f
Juletta;Gut Feeling;13;Pop;https://i.scdn.co/image/ab67616d0000b2738a9e3eac74a9cb9c335fbd38
Juletta;Solstice;13;Pop;https://i.scdn.co/image/ab67616d0000b273ccfd04e4011ec8b95d83ecad
Juletta;Pandora;13;Pop;https://i.scdn.co/image/ab67616d0000b27362377eb46c243aaa9a0b927a
Heart Beach;Brittle;1;Pop;https://i.scdn.co/image/ab67616d0000b273288b1a2cd982995b3e8f396f
Heart Beach;Away;1;Pop;https://i.scdn.co/image/ab67616d0000b273e02f81786181eef5992f3957
Heart Beach;Know Her;1;Pop;https://i.scdn.co/image/ab67616d0000b2730077d9844f634563c06e3c55
Heart Beach;8am;1;Pop;https://i.scdn.co/image/ab67616d0000b273e02f81786181eef5992f3957
Heart Beach;Summer;1;Pop;https://i.scdn.co/image/ab67616d0000b273e02f81786181eef5992f3957
Hot Lava;Blue Dragon;2;Pop;https://i.scdn.co/image/ab67616d0000b2737f5b3c526826f3c48a6496d8
Hot Lava;Apple+Option+Fire;2;Pop;https://i.ytimg.com/vi/mBt7QrCvLq8/sddefault.jpg
Hot Lava;Mummy Beach;2;Pop;https://i.scdn.co/image/ab67616d0000b2737f5b3c526826f3c48a6496d8
Hot Lava;Ghosties;2;Pop;https://i.scdn.co/image/ab67616d0000b2737f5b3c526826f3c48a6496d8
Hot Lava;Pink Lemonade;2;Pop;https://i.scdn.co/image/ab67616d0000b2739be240dbf371793ec97200fd
The Leaf Library;There Seen from Here;8;Pop;https://i.scdn.co/image/ab67616d0000b273bcfbdb163fd29bbc23a3a607
The Leaf Library;About Minerals;8;Pop;https://i.scdn.co/image/ab67616d00001e02cbfa4346fd15eeb21a92b170
The Leaf Library;Goodbye Four Walls;8;Pop;https://is2-ssl.mzstatic.com/image/thumb/Music122/v4/54/c4/20/54c420b8-31d5-c3d8-2603-2af422ece275/5057805968047.png/400x400bb.jpg
The Leaf Library;Agnes In The Square;8;Pop;https://i.scdn.co/image/ab67616d0000b273079e451ca6c6782ae724d6af
The Leaf Library;Walking Backwards;8;Pop;https://f4.bcbits.com/img/a0310076941_10.jpg
Pallers;Come Rain, Come Sunshine;3;Pop;https://i.scdn.co/image/ab67616d0000b273e9118b12aa2acf005d6cc3ae
Pallers;Humdrum;3;Pop;https://i.scdn.co/image/ab67616d0000b273ec52ef528a22dd9a1395e26c
Pallers;The Kiss;3;Pop;https://i.scdn.co/image/ab67616d0000b273705e784ecdba3e704562801f
Pallers;Another Heaven;3;Pop;https://i.scdn.co/image/ab67616d00001e0226d6ccdad0efd510091e02d8
Pallers;Years Go, Days Pass;3;Pop;https://i.scdn.co/image/ab67616d0000b273ec52ef528a22dd9a1395e26c
Very Truly Yours;I'd Write You a Song;2;Pop;https://i.scdn.co/image/ab67616d0000b2739e3cb8f48547eef79e3ec8f9
Very Truly Yours;Things You Used to Say;2;Pop;https://i.scdn.co/image/ab67616d0000b2739e3cb8f48547eef79e3ec8f9
Very Truly Yours;Love is Hard;2;Pop;https://i.scdn.co/image/ab67616d0000b2739e3cb8f48547eef79e3ec8f9
Very Truly Yours;Dear;2;Pop;https://i.scdn.co/image/ab67616d0000b2739e3cb8f48547eef79e3ec8f9
Very Truly Yours;Sorry to Say It;2;Pop;https://i.scdn.co/image/ab67616d0000b2739e3cb8f48547eef79e3ec8f9
Brigida HB;Forest Queen;0;Pop;https://i.scdn.co/image/ab67616d00001e022ba372185f2c8b40cb1a6ca3
Brigida HB;Dal tuo Valentino;0;Pop;https://i.scdn.co/image/ab67616d0000b273cf300c39b199b6b778619e3f
Brigida HB;Authorized Dealer;0;Pop;https://i.scdn.co/image/ab67616d0000b273cf300c39b199b6b778619e3f
Brigida HB;Beyond Reasonable Doubt;0;Pop;https://i.scdn.co/image/ab67616d0000b2733f5039438455a965726a108e
Brigida HB;Until Further Notice;0;Pop;https://i.scdn.co/image/ab67616d0000b273f31e84aad0cd4f757909621c
Tuba Tuba;Hemmelig Klubb;5;Pop;https://i.scdn.co/image/ab67616d0000b273b32069b63a0de1eea6e3cae9
Tuba Tuba;Årets Lyseste Dag;5;Pop;https://i.scdn.co/image/ab67616d0000b273b32069b63a0de1eea6e3cae9
Tuba Tuba;Slackerkid_91;5;Pop;https://i.scdn.co/image/ab67616d0000b273b32069b63a0de1eea6e3cae9
Tuba Tuba;Kul Ferie;5;Pop;https://i.scdn.co/image/ab67616d00001e028583f7a80161a8a94b39aaaf
Tuba Tuba;Inni Planeten;5;Pop;https://i.scdn.co/image/ab67616d0000b27311dd9837371b1c90d7f26091
pretty havoc.;goddess;30;Pop;https://i.scdn.co/image/ab67616d0000b273c5c99144d90ab15b5efa8e4f
pretty havoc.;JENNIE KIM;30;Pop;https://i.scdn.co/image/ab67616d0000b2735e80d71f6c4152c15c52173e
pretty havoc.;PUNCHING BAG;30;Pop;https://i.scdn.co/image/ab67616d00001e0209c23aebc4f37e499af1a391
pretty havoc.;ATOM BOMB;30;Pop;https://i.scdn.co/image/ab67616d00001e02e8eec2ef09a320fa9a18045d
pretty havoc.;i don't care.;30;Pop;https://i.scdn.co/image/ab67616d0000b27322077b99a7128f2a29f820ae
Kalulu;I Bought You Flowers;19;Pop;https://i.scdn.co/image/ab67616d0000b2739094517ba13e6f239f78b2f1
Kalulu;When Everything Falls;19;Pop;https://i.scdn.co/image/ab67616d0000b273f00470a00012227e8935a113
Kalulu;Videodisks;19;Pop;https://i.scdn.co/image/ab67616d0000b27301ccf5e45a696adcee5e73de
Kalulu;Slo - Mo;19;Pop;https://i.scdn.co/image/ab67616d00001e02d41e602105262b283f20f3e2
Kalulu;Comfort;19;Pop;https://i.scdn.co/image/ab6761610000e5eb9d0e66e95a090ddf61e0ce78
Billie Eilish;lovely (with Khalid);90;Pop;https://i.scdn.co/image/ab67616d0000b2738a3f0a3ca7929dea23cd274c
Billie Eilish;TV;90;Pop;https://i.scdn.co/image/ab67616d0000b2737a4781629469bb83356cd318
Billie Eilish;Happier Than Ever;90;Pop;https://i.scdn.co/image/ab67616d0000b2732a038d3bf875d23e4aeaa84e
Billie Eilish;everything i wanted;90;Pop;https://i.scdn.co/image/ab67616d0000b273f2248cf6dad1d6c062587249
Billie Eilish;Bored;90;Pop;https://i.scdn.co/image/ab67616d00001e0210e4db3f2f17fad89e2b6f7e
Taylor Swift;Anti-Hero;100;Pop;https://i.scdn.co/image/ab67616d0000b273eb7289d463cd524a93b722c9
Taylor Swift;Lavender Haze;100;Pop;https://upload.wikimedia.org/wikipedia/en/thumb/a/af/Taylor_Swift_-_Lavender_Haze.png/220px-Taylor_Swift_-_Lavender_Haze.png
Taylor Swift;Blank Space;100;Pop;https://i.scdn.co/image/ab67616d0000b2739abdf14e6058bd3903686148
Taylor Swift;Midnight Rain;100;Pop;https://i.scdn.co/image/ab67616d0000b273bb54dde68cd23e2a268ae0f5
Taylor Swift;Don’t Blame Me;100;Pop;https://i.scdn.co/image/ab67616d0000b273da5d5aeeabacacc1263c0f4b
Ed Sheeran;Perfect;92;Pop;https://i.scdn.co/image/ab67616d0000b273ba5db46f4b838ef6027e6f96
Ed Sheeran;Shivers;92;Pop;https://i.scdn.co/image/ab67616d0000b2730ec1f3493edc0c888ff2d57c
Ed Sheeran;Shape of You;92;Pop;https://i.scdn.co/image/ab67616d0000b27383e9b06ccd219248b5301264
Ed Sheeran;Bad Habits;92;Pop;https://i.scdn.co/image/ab67616d0000b2734e03a288fd79707055759f9c
Ed Sheeran;Photograph;92;Pop;https://i.scdn.co/image/ab67616d0000b27313b3e37318a0c247b550bccd
Lady Gaga;Bloody Mary;88;Pop;https://i.scdn.co/image/ab67616d0000b273a47c0e156ea3cebe37fdcab8
Lady Gaga;Shallow;88;Pop;https://i.scdn.co/image/ab67616d0000b273e2d156fdc691f57900134342
Lady Gaga;Poker Face;88;Pop;https://i.scdn.co/image/ab67616d0000b2739ff8dea75219ec13530d97f1
Lady Gaga;Always Remember Us This Way;88;Pop;https://i.scdn.co/image/ab67616d0000b273a21d45c2b041fdc3746a3534
Lady Gaga;Just Dance;88;Pop;https://i.scdn.co/image/ab67616d0000b2732e20e83e46a4830cf77e4ec8
Beyoncé;CUFF IT;89;Pop;https://i.scdn.co/image/ab67616d0000b2730e58a0f8308c1ad403d105e7
Beyoncé;Crazy In Love (feat. Jay-Z);89;Pop;https://i.scdn.co/image/ab67616d0000b27393f61347a057b7c8f3f34426
Beyoncé;Halo;89;Pop;https://i.scdn.co/image/ab67616d0000b2737e926c757ef327785c54d60b
Beyoncé;BREAK MY SOUL;89;Pop;https://i.scdn.co/image/ab67616d00001e02ef5c4d1b49aa500905423be3
Beyoncé;AMERICA HAS A PROBLEM;89;Pop;https://i.scdn.co/image/ab67616d0000b2730e58a0f8308c1ad403d105e7
The Weeknd;Creepin' (with The Weeknd & 21 Savage);99;Pop;https://i.scdn.co/image/ab67616d0000b27313e54d6687e65678d60466c2
The Weeknd;Die For You (with Ariana Grande) - Remix;99;Pop;https://i.scdn.co/image/ab67616d0000b2738de12a274f6e1df6634f57ec
The Weeknd;Die For You;99;Pop;https://i.scdn.co/image/ab67616d0000b273a048415db06a5b6fa7ec4e1a
The Weeknd;Starboy;99;Pop;https://i.scdn.co/image/ab67616d0000b273a07ff4ebd6264e7c124c3bdd
The Weeknd;Blinding Lights;99;Pop;https://i.scdn.co/image/ab67616d0000b273c464fabb4e51b72d657f779a
One Direction;Night Changes;87;Pop;https://i.scdn.co/image/ab67616d0000b273d304ba2d71de306812eebaf4
One Direction;What Makes You Beautiful;87;Pop;https://i.scdn.co/image/ab67616d0000b2739cc9c826eb3bde09afa244f7
One Direction;Story of My Life;87;Pop;https://i.scdn.co/image/ab67616d0000b27377883a849a5078aae8ddb8ce
One Direction;18;87;Pop;https://i.scdn.co/image/ab67616d0000b273d304ba2d71de306812eebaf4
One Direction;Right Now;87;Pop;https://i.scdn.co/image/ab67616d0000b2732f76b797c382bedcafdf45e1
Bruno Mars;When I Was Your Man;90;Pop;https://i.scdn.co/image/ab67616d0000b273926f43e7cce571e62720fd46
Bruno Mars;Locked out of Heaven;90;Pop;https://i.scdn.co/image/ab67616d0000b273374ea1730985555f1b1f6328
Bruno Mars;Just the Way You Are;90;Pop;https://i.scdn.co/image/ab67616d0000b273995065098a5f43cd5cec6456
Bruno Mars;Talking to the Moon;90;Pop;https://i.scdn.co/image/ab67616d0000b273f6b55ca93bd33211227b502b
Bruno Mars;Leave The Door Open;90;Pop;https://i.scdn.co/image/ab67616d0000b2730d18a58b311b58820ba4735f
Harry Styles;As It Was;91;Pop;https://i.scdn.co/image/ab67616d0000b273b46f74097655d7f353caab14
Harry Styles;Late Night Talking;91;Pop;https://i.scdn.co/image/ab67616d0000b2736be86288196cbb64ade5e260
Harry Styles;Watermelon Sugar;91;Pop;https://i.scdn.co/image/ab67616d0000b2737cf2b9825bb43083d123ac22
Harry Styles;Adore You;91;Pop;https://i.scdn.co/image/ab67616d0000b27377fdcfda6535601aff081b6a
Harry Styles;Sign of the Times;91;Pop;https://i.scdn.co/image/ab67616d0000b2736c619c39c853f8b1d67b7859
Dua Lipa;Cold Heart - PNAU Remix;89;Pop;https://i.scdn.co/image/ab67616d0000b2739f5cce8304c42d3a5463fd23
Dua Lipa;One Kiss (with Dua Lipa);89;Pop;https://i.scdn.co/image/ab67616d0000b273d09f96d82310d4d77c14c108
Dua Lipa;Don't Start Now;89;Pop;https://i.scdn.co/image/ab67616d0000b2738583df1a14bea9175f9ac520
Dua Lipa;Levitating (feat. DaBaby);89;Pop;https://i.scdn.co/image/ab67616d0000b27349caa4fc6f962057ba65576a
Dua Lipa;Levitating;89;Pop;https://i.scdn.co/image/ab67616d0000b273bd26ede1ae69327010d49946
ATM Curly;Ride With Me;30;Hip Hop/ Rap;https://i.scdn.co/image/ab67616d0000b273c2f3e86f0960328771d3b83c
ATM Curly;Pisces;30;Hip Hop/ Rap;https://i.scdn.co/image/ab67616d0000b273019f7579aab85b9a41ffdcd3
ATM Curly;Chanel;30;Hip Hop/ Rap;https://i.scdn.co/image/ab67616d0000b273e9593ad429895dc1a743ac86
ATM Curly;Gangsta Party;30;Hip Hop/ Rap;https://i.scdn.co/image/ab67616d0000b273f604e62c55bfc5fc7d125c97
ATM Curly;Juicy;30;Hip Hop/ Rap;https://i.scdn.co/image/ab67616d0000b273445df4f0ebb695ef7c9f6490
Brandon Fish;Playground;6;Hip Hop/ Rap;https://i.scdn.co/image/ab67616d0000b27316828cc439bf083563254ea4
Brandon Fish;The Boss;6;Hip Hop/ Rap;https://i.scdn.co/image/ab67616d0000b273d4de3355ddaa7b35e97eb6b9
Brandon Fish;Too Close;6;Hip Hop/ Rap;https://i.scdn.co/image/ab67616d0000b273da04587162a95b98ca112b0b
Brandon Fish;The Motions;6;Hip Hop/ Rap;https://i.scdn.co/image/ab67616d0000b27319e13d86d15b6d8f2262c16d
Brandon Fish;Just Do It;6;Hip Hop/ Rap;https://i.scdn.co/image/ab67616d0000b2734e4cdfc3a076b96b345dc7da
Teknical Development.is;Strictly 4 All;27;Hip Hop/ Rap;https://i.scdn.co/image/ab67616d0000b273dc97e8e7c26b6333c8d374a0
Teknical Development.is;Weed Flower Pot Heads;27;Hip Hop/ Rap;https://i.scdn.co/image/ab67616d0000b2738be35d56d9fded2ea15c616a
Teknical Development.is;Move with Us;27;Hip Hop/ Rap;https://i.scdn.co/image/ab67616d0000b27368eb79c7bdb9e3ea8fe9cf50
Teknical Development.is;Ninjaz in the Mist;27;Hip Hop/ Rap;https://i.scdn.co/image/ab67616d0000b273089c2fbd399cf37ea358882b
Teknical Development.is;Too Many Pictures;27;Hip Hop/ Rap;https://i.scdn.co/image/ab67616d00001e02cc81988b13187a0266c92fee
Aaron Rose;Break It Down (feat. Domo Genesis);30;Hip Hop/ Rap;https://i.scdn.co/image/ab67616d0000b273d1acccd8acb111f0d68bfb99
Aaron Rose;FTW (feat. Joey Bada$$ & Chuck Strangers);30;Hip Hop/ Rap;https://i.scdn.co/image/ab67616d0000b273bc2d166cd32ba0825cf03a6b
Aaron Rose;All About You;30;Hip Hop/ Rap;https://i.scdn.co/image/ab67616d0000b273fe9c7540bf3fa931d9715a4d
Aaron Rose;The Art of Sole;30;Hip Hop/ Rap;https://i.scdn.co/image/ab67616d00001e02b407202e9c634e5c7ace346f
Aaron Rose;Aaron Rose “On The Radar” Freestyle;30;Hip Hop/ Rap;https://i.scdn.co/image/ab67616d0000b2738ea6c9111db8ac8b2baff124
Blake Shelton;God's Country;73;Hip Hop/ Rap;https://i.scdn.co/image/ab67616d0000b2730d7cfe15d2f94083ccb6ae81
Blake Shelton;No Body;73;Hip Hop/ Rap;https://i.scdn.co/image/ab67616d0000b273c35022e4d48630fac86b7f54
Blake Shelton;Out In The Middle;73;Hip Hop/ Rap;https://i.scdn.co/image/ab67616d00001e028f7a6e6332d1f1ef3862a530
Blake Shelton;Ol' Red;73;Hip Hop/ Rap;https://i.scdn.co/image/ab67616d0000b2731716c34342160479d07aef9c
Blake Shelton;Boys 'Round Here (feat. Pistol Annies & Friends);73;Hip Hop/ Rap;https://i.scdn.co/image/ab67616d0000b273de2b6ae73697b2da4d3e9c27
Academic Dishonesty;Winds of Change;16;Hip Hop/ Rap;https://i.scdn.co/image/ab67616d0000b2738aa66a6a51293472615097f0
Academic Dishonesty;Victory;16;Hip Hop/ Rap;https://i.scdn.co/image/ab67616d0000b273495b1a6f27556e084eeb1bed
Academic Dishonesty;Smoke Break;16;Hip Hop/ Rap;https://i.scdn.co/image/ab67616d0000b2730d7d9237cdd46c937b989970
Academic Dishonesty;Rise Up;16;Hip Hop/ Rap;https://i.scdn.co/image/ab67616d0000b2739f589e14c4c71205a26e0e44
Academic Dishonesty;One Less;16;Hip Hop/ Rap;https://i.scdn.co/image/ab67616d0000b273e20d7f4ad10d5167b1d4639f
Mongoose;Unsigned Hype;25;Hip Hop/ Rap;https://i.scdn.co/image/ab67616d0000b2737fe05ebe519ca97e37fbb9aa
Mongoose;Get It Going;25;Hip Hop/ Rap;https://i.scdn.co/image/ab67616d00001e02193194065766f12c751a6834
Mongoose;M I A;25;Hip Hop/ Rap;https://i.scdn.co/image/ab67616d0000b27377c2f64c2e19718d6b146f16
Mongoose;Ain't Shit;25;Hip Hop/ Rap;https://i.scdn.co/image/ab67616d00001e02a1f9cce06ad994fbf243ba36
Mongoose;Crazy Jungle;25;Hip Hop/ Rap;https://i.scdn.co/image/ab67616d00001e02ce74a77449a161f2a26ef2c8
Tammy ATQ;Pictures.;13;Hip Hop/ Rap;https://i.scdn.co/image/ab67616d0000b2733bb7abed64b65fe8acc9e2b2
Tammy ATQ;WHAT CAN A MAN DO;13;Hip Hop/ Rap;https://i.scdn.co/image/ab67616d00001e0207a439383fe903258e9b743c
Tammy ATQ;FIND MYSELF;13;Hip Hop/ Rap;https://seeded-session-images.scdn.co/v1/img/artist/6fzhU5LGsCONS7rCLf7w45/en
Tammy ATQ;NO ANGELS;13;Hip Hop/ Rap;https://i.scdn.co/image/ab67616d0000b273d4bb8428926ee6c10bec85d2
Tammy ATQ;BACK IN THE DAYS;13;Hip Hop/ Rap;https://i.scdn.co/image/ab67616d00001e02fc44ae10580312ef8374772d
Benny Mails;These Days (feat. Kasien);28;Hip Hop/ Rap;https://i.scdn.co/image/ab67616d0000b27309d4d0d84d41f9a120d4abca
Benny Mails;FUCK IT;28;Hip Hop/ Rap;https://i.scdn.co/image/ab67616d00001e029d6cdc77b5bca7a195079872
Benny Mails;Solace;28;Hip Hop/ Rap;https://i.scdn.co/image/ab67616d0000b273a6173bea30fc00adb3f018f6
Benny Mails;Aware (feat. Marika Hackman);28;Hip Hop/ Rap;https://i.scdn.co/image/ab67616d0000b27366362179e54ca5236c54fcf4
Benny Mails;Mantra;28;Hip Hop/ Rap;https://i.scdn.co/image/ab67616d0000b27366362179e54ca5236c54fcf4
Stress The White Boy;Danger Hour (feat. Capo);12;Hip Hop/ Rap;https://i.scdn.co/image/ab67616d0000b273a0bc2f6cdf07fd518373d312
Stress The White Boy;Blowing My Mind (feat. Freddy Madball);12;Hip Hop/ Rap;https://i.scdn.co/image/ab67616d0000b273a0bc2f6cdf07fd518373d312
Stress The White Boy;Prisoners (feat. Outerspace);12;Hip Hop/ Rap;https://i.scdn.co/image/ab67616d0000b273a0bc2f6cdf07fd518373d312
Stress The White Boy;Award Tour 2011 (feat. Livin);12;Hip Hop/ Rap;https://i.scdn.co/image/ab67616d00001e02a918a1388a696e5583f7bd67
Stress The White Boy;Driftin' (feat. Brainstorm);12;Hip Hop/ Rap;https://i.scdn.co/image/ab67616d0000b273a0bc2f6cdf07fd518373d312
Eminem;Mockingbird;94;Hip Hop/ Rap;https://i.scdn.co/image/ab67616d0000b27384e8c28177cc2efec3514f42
Eminem;Without Me;94;Hip Hop/ Rap;https://i.scdn.co/image/ab67616d0000b2736ca5c90113b30c3c43ffb8f4
Eminem;The Real Slim Shady;94;Hip Hop/ Rap;https://i.scdn.co/image/ab67616d0000b273dbb3dd82da45b7d7f31b1b42
Eminem;"Lose Yourself - From ""8 Mile"" Soundtrack";94;Hip Hop/ Rap;https://i.scdn.co/image/ab67616d0000b27352ab2c1657a3e548ff021411
Eminem;Superman;94;Hip Hop/ Rap;https://i.scdn.co/image/ab67616d0000b2736ca5c90113b30c3c43ffb8f4
Loyle Carner;Damselfly;69;Hip Hop/ Rap;https://i.scdn.co/image/ab67616d0000b27398ccb0cb6323cab21090467b
Loyle Carner;Ottolenghi;69;Hip Hop/ Rap;https://i.scdn.co/image/ab67616d0000b273688ecb3c146dc118928328bd
Loyle Carner;Let It Go;69;Hip Hop/ Rap;https://i.scdn.co/image/ab67616d0000b2736808dfb78c4b4febb31df869
Loyle Carner;Ice Water;69;Hip Hop/ Rap;https://i.scdn.co/image/ab67616d0000b273b8fc4ee31953f1133106d64a
Loyle Carner;Speed Of Plight;69;Hip Hop/ Rap;https://i.scdn.co/image/ab67616d0000b2730d7bd8c43a71910b53126b09
Kendrick Lamar;Money Trees;91;Hip Hop/ Rap;https://i.scdn.co/image/ab67616d0000b273d28d2ebdedb220e479743797
Kendrick Lamar;All The Stars (with SZA);91;Hip Hop/ Rap;https://i.scdn.co/image/ab67616d0000b273c1a0ccc389f263d63d39175f
Kendrick Lamar;family ties (with Kendrick Lamar);91;Hip Hop/ Rap;https://i.scdn.co/image/ab67616d0000b273163028c67a1f4a7c0e83a715
Kendrick Lamar;HUMBLE.;91;Hip Hop/ Rap;https://i.scdn.co/image/ab67616d0000b273c6c3f24d810cac99dc40cbaa
Kendrick Lamar;LOVE. FEAT. ZACARI.;91;Hip Hop/ Rap;https://i.scdn.co/image/ab67616d0000b2738b52c6b9bc4e43d873869699
50 Cent;In Da Club;85;Hip Hop/ Rap;https://i.scdn.co/image/ab67616d0000b273f7f74100d5cc850e01172cbf
50 Cent;Candy Shop;85;Hip Hop/ Rap;https://i.scdn.co/image/ab67616d0000b2737724b638715f530bfb6f06d0
50 Cent;P.I.M.P.;85;Hip Hop/ Rap;https://i.scdn.co/image/ab67616d0000b273b544685b164bae7d53e98c1e
50 Cent;Many Men (Wish Death);85;Hip Hop/ Rap;https://i.scdn.co/image/ab67616d0000b273ad676742b4c5ff126050ab90
50 Cent;21 Questions;85;Hip Hop/ Rap;https://i.scdn.co/image/ab67616d0000b273f43ef912636786295938fb99
G-Eazy;Him & I (with Halsey);77;Hip Hop/ Rap;https://i.scdn.co/image/ab67616d00001e02213ada56b58bf2dc8fdf28bf
G-Eazy;Me, Myself & I;77;Hip Hop/ Rap;https://i.scdn.co/image/ab67616d00001e0244e8ed946fe5f5de126ee3c0
G-Eazy;No Limit;77;Hip Hop/ Rap;https://i.scdn.co/image/ab67616d0000b27330e1314399055d25579f7ae3
G-Eazy;I Mean It (feat. Remo);77;Hip Hop/ Rap;https://i.scdn.co/image/ab67616d0000b273bdfe4efd674482cf5ac88c99
G-Eazy;Still Be Friends (feat. Tory Lanez & Tyga);77;Hip Hop/ Rap;https://i.scdn.co/image/ab67616d0000b2730a70f97365dec77a1a86b785
J. Cole;on the street (with J. Cole);89;Hip Hop/ Rap;https://i.scdn.co/image/ab67616d0000b2735e8286ff63f7efce1881a02b
J. Cole;No Role Modelz;89;Hip Hop/ Rap;https://i.scdn.co/image/ab67616d0000b273c6e0948bbb0681ff29cdbae8
J. Cole;Wet Dreamz;89;Hip Hop/ Rap;https://i.scdn.co/image/ab67616d0000b273c6e0948bbb0681ff29cdbae8
J. Cole;MIDDLE CHILD;89;Hip Hop/ Rap;https://i.scdn.co/image/ab67616d0000b2737f37a4001ae7d8be430bd91b
J. Cole;Work Out;89;Hip Hop/ Rap;https://i.scdn.co/image/ab67616d0000b27399da48a530f6ca2ef86da3cc
Drake;Rich Flex;98;Hip Hop/ Rap;https://i.scdn.co/image/ab67616d0000b27302854a7060fccc1a66a4b5ad
Drake;Jimmy Cooks (feat. 21 Savage);98;Hip Hop/ Rap;https://i.scdn.co/image/ab67616d0000b2738dc0d801766a5aa6a33cbe37
Drake;WAIT FOR U (feat. Drake & Tems);98;Hip Hop/ Rap;https://i.scdn.co/image/ab67616d0000b27386badd635b69aea887862214
Drake;One Dance;98;Hip Hop/ Rap;https://i.scdn.co/image/ab67616d0000b27382e3e6968e73ec00a9f7861b
Drake;God's Plan;98;Hip Hop/ Rap;https://i.scdn.co/image/ab67616d0000b273f907de96b9a4fbc04accc0d5
Travis Scott;Trance (with Travis Scott & Young Thug);92;Hip Hop/ Rap;https://i.scdn.co/image/ab67616d0000b27313e54d6687e65678d60466c2
Travis Scott;Niagara Falls (Foot or 2) [with Travis Scott & 21 Savage];92;Hip Hop/ Rap;https://i.scdn.co/image/ab67616d0000b27313e54d6687e65678d60466c2
Travis Scott;goosebumps;92;Hip Hop/ Rap;https://i.scdn.co/image/ab67616d0000b273f54b99bf27cda88f4a7403ce
Travis Scott;Pussy & Millions (feat. Travis Scott);92;Hip Hop/ Rap;https://i.scdn.co/image/ab67616d00001e028dc0d801766a5aa6a33cbe37
Travis Scott;SICKO MODE;92;Hip Hop/ Rap;https://i.scdn.co/image/ab67616d0000b273072e9faef2ef7b6db63834a3
Kanye West;Heartless;93;Hip Hop/ Rap;https://i.scdn.co/image/ab67616d0000b273346d77e155d854735410ed18
Kanye West;Ni**as In Paris;93;Hip Hop/ Rap;https://i.scdn.co/image/ab67616d0000b273bf2d62374f877d312b34e67a
Kanye West;Bound 2;93;Hip Hop/ Rap;https://i.scdn.co/image/ab67616d0000b2731dacfbc31cc873d132958af9
Kanye West;Flashing Lights;93;Hip Hop/ Rap;https://i.scdn.co/image/ab67616d0000b273675561f3defd1d5a551936a8
Kanye West;Father Stretch My Hands Pt. 1;93;Hip Hop/ Rap;https://i.scdn.co/image/ab67616d0000b2732a7db835b912dc5014bd37f4
Cardi B;WAP (feat. Megan Thee Stallion);83;Hip Hop/ Rap;https://i.scdn.co/image/ab67616d0000b273c450c89d3eb750d3535b0a0c
Cardi B;I Like It;83;Hip Hop/ Rap;https://i.scdn.co/image/ab67616d0000b27337422e424f7e93330acc5719
Cardi B;Tomorrow 2 (with Cardi B);83;Hip Hop/ Rap;https://i.scdn.co/image/ab67616d0000b273b987e8ad764cfb7e18337322
Cardi B;Up;83;Hip Hop/ Rap;https://i.scdn.co/image/ab67616d0000b273199f2f07a9be49f2c930299a
Cardi B;DESPECHÁ RMX;83;Hip Hop/ Rap;https://i.scdn.co/image/ab67616d0000b273004be8772c8f598c58d71f72
Ganser;People Watching;17;Rock;https://i.scdn.co/image/ab67616d0000b273fd55aced4b39cb1a4d7e2210
Ganser;Avoidance;17;Rock;https://i.scdn.co/image/ab67616d0000b2730a78b6189c893595d32bd34a
Ganser;Projector;17;Rock;https://f4.bcbits.com/img/a0121411651_10.jpg
Ganser;What Me Worry?;17;Rock;https://i.scdn.co/image/ab67616d0000b273fd55aced4b39cb1a4d7e2210
Ganser;Lucky;17;Rock;https://i.scdn.co/image/ab67616d0000b273d4c89feb97bb89b91348d5b0
Control Top;Type A;13;Rock;https://i.scdn.co/image/ab67616d0000b2730902841c66885129e42a733a
Control Top;Covert Contracts;13;Rock;https://i.scdn.co/image/ab67616d0000b273a60743ad03407beae8631ff5
Control Top;Office Rage;13;Rock;https://i.scdn.co/image/ab67616d0000b273b74bd75c7f459f4e7be1b89d
Control Top;Chain Reaction;13;Rock;https://i.scdn.co/image/ab67616d0000b273b74bd75c7f459f4e7be1b89d
Control Top;One Good Day;13;Rock;https://i.scdn.co/image/ab67616d0000b27352e796b55f2ab08e8a343d1d
Downtown Boys;Dancing In The Dark;19;Rock;https://i.scdn.co/image/ab67616d0000b273cc91b152869142b583c16369
Downtown Boys;A Wall;19;Rock;https://i.scdn.co/image/ab67616d0000b27307a83d22b0a1af35696d236f
Downtown Boys;L’Internationale;19;Rock;https://f4.bcbits.com/img/a2563784926_10.jpg
Downtown Boys;Monstro;19;Rock;https://i.scdn.co/image/ab67616d0000b273039df39b22f18b6d084237c5
Downtown Boys;Wave Of History;19;Rock;https://i.scdn.co/image/ab67616d0000b273039df39b22f18b6d084237c5
The Paranoyds;Heather Doubtfire;29;Rock;https://i.scdn.co/image/ab67616d0000b2733c0c7851836f8beb2ad4e3e0
The Paranoyds;BWP;29;Rock;https://i.scdn.co/image/ab67616d0000b273ecbfb0e34bc620be852345aa
The Paranoyds;Face First;29;Rock;https://i.scdn.co/image/ab67616d00001e027030cb2d87f4c559746db963
The Paranoyds;Lizzie;29;Rock;https://i.scdn.co/image/ab67616d0000b2736769e661a327f29c80eb0afd
The Paranoyds;Single Origin Experience;29;Rock;https://i.scdn.co/image/ab67616d0000b2736769e661a327f29c80eb0afd
Gauche;Pay Day;8;Rock;https://i.scdn.co/image/ab67616d0000b2738a3cd9cd8324d0b517d593a0
Gauche;Flash;8;Rock;https://i.scdn.co/image/ab67616d00001e027013d679fadfda213c31e37b
Gauche;Running;8;Rock;https://i.scdn.co/image/ab67616d00001e02060fd532bfd2d2e9b74ff0b2
Gauche;Cycles;8;Rock;https://i.scdn.co/image/ab67616d00001e02d27e8f1ffe26e7291d2c1119
Gauche;Conspiracy Theories;8;Rock;https://i.scdn.co/image/ab67616d0000b2737013d679fadfda213c31e37b
Haterade;LIKE A BOSS;30;Rock;https://i.scdn.co/image/ab67616d0000b2737d16f76a6b0e912dc56048bc
Haterade;Beast (feat. Young Lyxx);30;Rock;https://i.scdn.co/image/ab67616d00001e027077f17a106a3396054c52b8
Haterade;Friends Don't Lie;30;Rock;https://i.scdn.co/image/ab67616d00001e02b64935f2166264d7a36febf6
Haterade;Heartbroken - Haterade Remix;30;Rock;https://i.scdn.co/image/ab67616d0000b27300a3467a0f309753259da907
Haterade;Smash;30;Rock;https://i.scdn.co/image/ab67616d0000b273be943b3421df572cf6cbce01
Infinity Crush;Happy Hour;24;Rock;https://i.scdn.co/image/ab67616d0000b273cf87f74d40c0c7bf13a0a37c
Infinity Crush;demolition derby;24;Rock;https://i.scdn.co/image/ab67616d0000b273a8b206da1d1770e39acd4f77
Infinity Crush;Tiny Souls in My Eyelashes;24;Rock;https://i.scdn.co/image/ab67616d0000b2737e6318c797a887f8bb837f7d
Infinity Crush;myth;24;Rock;https://i.scdn.co/image/ab67616d0000b2737e6318c797a887f8bb837f7d
Infinity Crush;hymn;24;Rock;https://i.scdn.co/image/ab67616d0000b2737e6318c797a887f8bb837f7d
Harmony Woods;Speckled;20;Rock;https://i.scdn.co/image/ab67616d0000b27366386f23e5b66627c2dad772
Harmony Woods;Jenkintown-Wyncote;20;Rock;https://i.scdn.co/image/ab67616d00001e02ff08b76b23200cfe43d14f0e
Harmony Woods;The Best Things;20;Rock;https://i.scdn.co/image/ab67616d0000b2738119cade0bbeaa1ad19ee89a
Harmony Woods;Negro y Azul;20;Rock;https://i.scdn.co/image/ab67616d0000b2738119cade0bbeaa1ad19ee89a
Harmony Woods;Vignette #1;20;Rock;https://i.scdn.co/image/ab67616d00001e028971fb4bdfdad18ffdaacebc
Rockettothesky;Grizzly Man;22;Rock;https://i.scdn.co/image/ab67616d0000b273162fbca60064086569066876
Rockettothesky;Barrie for Billy Mackenzie;22;Rock;https://i.scdn.co/image/ab67616d0000b2734b4dd965f012b150c1f91fb3
Rockettothesky;A Flock of Chestshire Cats;22;Rock;https://is5-ssl.mzstatic.com/image/thumb/Music/4d/18/31/mzi.bmsqjnpn.jpg/1200x1200bf-60.jpg
Rockettothesky;Cigars;22;Rock;https://is5-ssl.mzstatic.com/image/thumb/Music/4d/18/31/mzi.bmsqjnpn.jpg/1200x1200bf-60.jpg
Rockettothesky;Mothering Silence;22;Rock;https://i.scdn.co/image/ab67616d0000b273162fbca60064086569066876
Graveland;Black Metal War!;29;Rock;https://i.scdn.co/image/ab67616d0000b273d777b88524693399f6f5f98e
Graveland;Black Metal War;29;Rock;https://i.scdn.co/image/ab67616d0000b273d777b88524693399f6f5f98e
Graveland;Outro;29;Rock;https://i.scdn.co/image/ab67616d0000b273f22781b45e6119e976627227
Graveland;Blood on my Sword;29;Rock;https://i.scdn.co/image/ab67616d0000b273ecebfdeb9cbb54616933f4cb
Graveland;Intro;29;Rock;https://i.scdn.co/image/ab67616d0000b273ecebfdeb9cbb54616933f4cb
Jeff Rosenstock;Nausea;52;Rock;https://i.scdn.co/image/ab67616d0000b27305bab2a665f2d34ddc8667c8
Jeff Rosenstock;Pash Rash;52;Rock;https://i.scdn.co/image/ab67616d0000b2734ca6a1219d7c3a9857b839f1
Jeff Rosenstock;You, In Weird Cities;52;Rock;https://i.scdn.co/image/ab67616d0000b2739778dccd1c10554695e91f59
Jeff Rosenstock;9-Oct;52;Rock;https://i.scdn.co/image/ab67616d0000b27336688823602019a100d4935c
Jeff Rosenstock;We Begged 2 Explode;52;Rock;https://i.scdn.co/image/ab67616d0000b2739e7089ba2bc735d3264284d0
Dehd;Bad Love;52;Rock;https://i.scdn.co/image/ab67616d0000b27390b6a064bd114a8042d2d684
Dehd;Lucky;52;Rock;https://i.scdn.co/image/ab67616d0000b2735fdc15a3dec88af78ecf8e0e
Dehd;Loner;52;Rock;https://i.scdn.co/image/ab67616d00001e0225ed0b92dc28cac7db22b199
Dehd;Haha;52;Rock;https://i.scdn.co/image/ab67616d00001e0225ed0b92dc28cac7db22b199
Dehd;Flying;52;Rock;https://i.scdn.co/image/ab67616d0000b273699d1e0694f6e11de5b08f7b
The Frights;You Are Going to Hate This;53;Rock;https://i.scdn.co/image/ab67616d0000b273076eb1d3413622e2de8b757b
The Frights;Tongues;53;Rock;https://i.scdn.co/image/ab67616d0000b2733f5db354414f1232e699033b
The Frights;Tungs;53;Rock;https://i.scdn.co/image/ab67616d0000b273076eb1d3413622e2de8b757b
The Frights;Crust Bucket;53;Rock;https://i.scdn.co/image/ab67616d0000b2732990230de3d6f48a86dca7ba
The Frights;Afraid of the Dark;53;Rock;https://i.scdn.co/image/ab67616d0000b273076eb1d3413622e2de8b757b
Joyce Manor;Catalina Fight Song;57;Rock;https://i.scdn.co/image/ab67616d0000b273831b901fe12744c3003ff901
Joyce Manor;Constant Headache;57;Rock;https://i.scdn.co/image/ab67616d0000b2736794ced6d2d55c8268cb7aa2
Joyce Manor;Falling in Love Again;57;Rock;https://i.ytimg.com/vi/nQ7A9cW1-Nc/maxresdefault.jpg
Joyce Manor;NBTSA;57;Rock;https://i.scdn.co/image/ab67616d0000b273e62f95eee9c04384089e05ee
Joyce Manor;Heart Tattoo;57;Rock;https://i.scdn.co/image/ab67616d0000b273831b901fe12744c3003ff901
Nirvana;Smells Like Teen Spirit;84;Rock;https://i.scdn.co/image/ab67616d0000b273e175a19e530c898d167d39bf
Nirvana;Come As You Are;84;Rock;https://i.scdn.co/image/ab67616d0000b273e175a19e530c898d167d39bf
Nirvana;Heart-Shaped Box;84;Rock;https://i.scdn.co/image/ab67616d0000b273aca059cebc1841277db22d1c
Nirvana;Something In The Way;84;Rock;https://i.scdn.co/image/ab67616d0000b273444f118a9126af9e1483dcc0
Nirvana;Lithium;84;Rock;https://i.scdn.co/image/ab67616d0000b27338789fe4d23d740ab9008ccd
Metallica;Enter Sandman (Remastered);85;Rock;https://i.scdn.co/image/ab67616d0000b273060239c46696f79bedd47c9e
Metallica;Master of Puppets (Remastered);85;Rock;https://upload.wikimedia.org/wikipedia/en/b/b2/Metallica_-_Master_of_Puppets_cover.jpg
Metallica;Nothing Else Matters (Remastered);85;Rock;https://i.scdn.co/image/ab67616d00001e02d534cd7750f657bc2e361666
Metallica;For Whom The Bell Tolls (Remastered);85;Rock;https://i.scdn.co/image/ab67616d0000b2739ad3e9959f48d513886b8933
Metallica;One (Remastered);85;Rock;https://i.scdn.co/image/ab67616d0000b273be54746b374358970b5e617a
U2;With Or Without You - Remastered;81;Rock;https://i.scdn.co/image/ab67616d0000b273e2e8f804c2cdd5b3815adbf9
U2;I Still Haven't Found What I'm Looking For;81;Rock;https://static.stereogum.com/uploads/2021/03/U2-I-Still-Havent-Found-What-Im-Looking-For-1614806656.jpg
U2;One;81;Rock;https://i.scdn.co/image/ab67616d0000b27337cd18af5725b9cad0a5ab53
U2;Beautiful Day;81;Rock;https://i.scdn.co/image/ab67616d00001e023ec880102885af0de5cd2f60
U2;Sunday Bloody Sunday - Remastered 2008;81;Rock;https://i.scdn.co/image/ab67616d0000b273673526fcf35ab235e1a9d94c
Green Day;Basket Case;81;Rock;https://i.scdn.co/image/ab67616d0000b273db89b08034de626ebee6823d
Green Day;Boulevard of Broken Dreams;81;Rock;https://i.scdn.co/image/ab67616d0000b2737f213369d5265a60af5f7e82
Green Day;American Idiot;81;Rock;https://i.scdn.co/image/ab67616d0000b27308a1b1e0674086d3f1995e1b
Green Day;Good Riddance (Time of Your Life);81;Rock;https://i.scdn.co/image/ab67616d0000b273da4f6706ae0f2501c61ce776
Green Day;Wake Me up When September Ends;81;Rock;https://i.scdn.co/image/ab67616d0000b27308a1b1e0674086d3f1995e1b
The Nude Party;Sold out of Love;53;Rock;https://i.scdn.co/image/ab67616d0000b2737b86f522b68d5e7324f77280
The Nude Party;Chevrolet Van;53;Rock;https://i.scdn.co/image/ab67616d0000b273a6370891414f39e41894af2b
The Nude Party;Wild Coyote;53;Rock;https://i.scdn.co/image/ab67616d0000b2733918f1cd5cc5e97a2c774d0c
The Nude Party;Feels Alright;53;Rock;https://images.genius.com/138d06def41ad755b5fef0e7390b0778.700x700x1.jpg
The Nude Party;Ride On;53;Rock ;https://i.scdn.co/image/ab67616d0000b2735595403be31bb9b7afe8d06b
Marilyn Manson;The Beautiful People;71;Rock ;https://i.scdn.co/image/ab67616d0000b273c61d3a663bd18fe8cd97c947
Marilyn Manson;Sweet Dreams (Are Made Of This);71;Rock ;https://i.scdn.co/image/ab67616d0000b273e79c8fbf147c2875a2542993
Marilyn Manson;Tainted Love;71;Rock ;https://i.scdn.co/image/ab67616d0000b273eabdb4fe7c535b5f40171eb4
Marilyn Manson;This Is The New S**t;71;Rock ;https://i.scdn.co/image/ab67616d0000b273eabdb4fe7c535b5f40171eb4
Marilyn Manson;The Fight Song;71;Rock ;https://i.scdn.co/image/ab67616d0000b27329872f5d003b91dd8b394897
Tzusing;4 Floors of Whores;27;Techno;https://i.scdn.co/image/ab67616d0000b2735e3d77d8e2899c6802a66cb2
Tzusing;日出東方 唯我不敗;27;Techno;https://i.scdn.co/image/ab67616d0000b273bc9c8ddfc5fa934f90c5834e
Tzusing;孝忍狠 (Filial Endure Ruthless);27;Techno;https://i.scdn.co/image/ab67616d0000b2739d59b821aaa6a1d6b9dd3fde
Tzusing;King of Hosts;27;Techno;https://i.scdn.co/image/ab67616d0000b273bc9c8ddfc5fa934f90c5834e
Tzusing;偶像包袱 (Idol Baggage);27;Techno;https://i.scdn.co/image/ab6761610000e5eb931f4072ddf9b42a713baebf
Robert Hood;City Limits - Robert Hood Remix;29;Techno;https://i.scdn.co/image/ab67616d0000b273032fa897a34368bc7b75a85f
Robert Hood;The Greatest Dancer;29;Techno;https://i.scdn.co/image/ab67616d0000b273032fa897a34368bc7b75a85f
Robert Hood;Onslaught - FJAAK Remix;29;Techno;https://i.scdn.co/image/ab67616d0000b273da10e3dcab274bd689638433
Robert Hood;Nothing Stops Detroit;29;Techno;https://i.scdn.co/image/ab67616d0000b2730a9928dc4258db6edc30c3e0
Robert Hood;Dancer;29;Techno;https://i.scdn.co/image/ab67616d0000b273032fa897a34368bc7b75a85f
Jeff Mills;The Bells;25;Techno;https://i.scdn.co/image/ab67616d0000b2736cfa6ee1d1b15dcf2d021855
Jeff Mills;The Bells - Blue Potential Version;25;Techno;https://i.scdn.co/image/ab67616d0000b273ab3ea2146f9b0736b6dc86ee
Jeff Mills;Take No Prisoners - Original Mix;25;Techno;https://i.scdn.co/image/ab67616d0000b27397b16091ca4d25ab9d71be12
Jeff Mills;Metropolis Metropolis;25;Techno;https://i.scdn.co/image/ab67616d00001e0285996619c66910eb182c7993
Jeff Mills;The Masters of Work and Play;25;Techno;https://i.scdn.co/image/3d0bbefa4e176223c1eba239457f9f3193f2b571
Juan Atkins;Lightyears;28;Techno;https://i.scdn.co/image/ab67616d0000b2739691c06da607f94bae0070f6
Juan Atkins;Track Ten;28;Techno;https://i.scdn.co/image/ab67616d0000b2730c9e43519f9faf863542f18a
Juan Atkins;Riod;28;Techno;https://i.scdn.co/image/ab67616d0000b273442c6b1928ad7f9c90e01b47
Juan Atkins;Merkur;28;Techno;https://i.scdn.co/image/ab67616d0000b273d5182d1bd1bb29caad1e4c9f
Juan Atkins;Transport;28;Techno;https://i.scdn.co/image/ab67616d0000b2732d7a3b44bf9103a2e31d1720
Esther Duijn;No Dignity;3;Techno;https://i.scdn.co/image/ab67616d0000b273e74371de25282343c2aa96ce
Esther Duijn;Deity - Original Mix;3;Techno;https://i.scdn.co/image/ab67616d0000b2738d9604224af6a81b5455fb2f
Esther Duijn;Deity - Scalameriya Remix;3;Techno;https://i.scdn.co/image/ab67616d00001e02da98585c8b35c0643f2ca2f3
Esther Duijn;Dawn of the Last Era - Ruffneck Prime Remix;3;Techno;https://i.scdn.co/image/ab67616d0000b273da98585c8b35c0643f2ca2f3
Esther Duijn;Exomorph - Original Mix;3;Techno;https://i.scdn.co/image/ab67616d0000b273f975a40d5832181cf0f38d10
Headless Horseman;Ether - Headless Horseman Remix;17;Techno;https://i.scdn.co/image/ab67616d0000b2734d92983c23b541609d137b8d
Headless Horseman;Legend - Original Mix;17;Techno;https://i.scdn.co/image/ab67616d0000b273fa2bad7707bbd684f659f6d4
Headless Horseman;Widow 's Peak;17;Techno;https://i.scdn.co/image/ab67616d0000b273f5f2579851cd8472efc6bcc1
Headless Horseman;Sanctuary;17;Techno;https://i.scdn.co/image/ab67616d0000b2730646a39b38ff3c82b0dd18fd
Headless Horseman;V ∴ V ∴ V - Headless Horseman Remix;17;Techno;https://i.scdn.co/image/ab67616d0000b273931c287aa1628969593461b4
Blazej Malinowski;Mika - Steve Bicknell Remix;12;Techno;https://i.scdn.co/image/ab67616d0000b273add5c411114a4e46390daff7
Blazej Malinowski;Katharsis - Original;12;Techno;https://i.scdn.co/image/ab67616d0000b2737dbf60867866f6b4cce67234
Blazej Malinowski;Behind - Original;12;Techno;https://i.scdn.co/image/ab67616d0000b2737dbf60867866f6b4cce67234
Blazej Malinowski;Different Path - Original Mix;12;Techno;https://i.scdn.co/image/ab67616d0000b273046d1b34ef7eb2aae2b4307e
Blazej Malinowski;Mika - Original Mix;12;Techno;https://i.scdn.co/image/ab67616d0000b273add5c411114a4e46390daff7
Gemini Voice Archive;Safehouse - Gemini Voice Archive Remix;1;Techno;https://i.scdn.co/image/ab67616d0000b2736c8d7d2664ceaba0b5ff7092
Gemini Voice Archive;Absoluto Disparate;1;Techno;https://i.scdn.co/image/ab67616d0000b273584d605b46401d21f1c89732
Gemini Voice Archive;Forms;1;Techno;https://i.scdn.co/image/ab67616d0000b2734568467c49605b30f980a250
Gemini Voice Archive;Framauro's Plains - Slam Remix;1;Techno;https://i.scdn.co/image/ab67616d0000b273510caffe5d775425e0a8db0e
Gemini Voice Archive;Desolate;1;Techno;https://i.scdn.co/image/ab67616d00001e0203b2ccb59e61133c6f346998
Janice Vidal;大哥;30;Techno;https://i.scdn.co/image/ab67616d0000b2739359437368005b6069fda239
Janice Vidal;心亂如麻;30;Techno;https://i.scdn.co/image/ab67616d0000b273f53d7b7b8dd6f7080131769f
Janice Vidal;離家出走;30;Techno;https://i.scdn.co/image/ab67616d00001e02cbc20868d6ef0f21abc54cb3
Janice Vidal;殘酷遊戲;30;Techno;https://i.scdn.co/image/ab67616d0000b2738326d55fe3b77af6076e44de
Janice Vidal;就算世界無童話;30;Techno;https://i.scdn.co/image/ab67616d0000b27305ac0a5d3d56c31b715bc335
Innerspace Halflife;Wind;1;Techno;https://i.scdn.co/image/ab67616d0000b273e7d36f702e072fd41b6a86e4
Innerspace Halflife;Phazzled;1;Techno;https://i.scdn.co/image/ab67616d0000b2735ce452e9345e9dbe28e4e726
Innerspace Halflife;Escape System;1;Techno;https://i.scdn.co/image/ab67616d0000b2738da22c6b017ed85adf5b2539
Innerspace Halflife;Cardbox - Innerspace Halflife Remix;1;Techno;https://i.scdn.co/image/ab67616d0000b273cfdae839e87be1ed3007e9d6
Innerspace Halflife;Acid Dust;1;Techno;https://i.scdn.co/image/ab67616d0000b273f6078123d53859ffa025a65e
Carl Cox;I Want You (Forever) - Josh Butler Remix - Radio Edit;55;Techno;https://i.scdn.co/image/ab67616d0000b2739b3a2a4af5953df71fbb7506
Carl Cox;Finder - Carl Cox Remix Edit;55;Techno;https://i.scdn.co/image/ab67616d0000b27333ef94e99aa61b24c85ecb13
Carl Cox;Speed Trials On Acid (feat. Dan Diamond) - LF SYSTEM Remix;55;Techno;https://i.scdn.co/image/ab67616d0000b273d7451ed6883bdb7585f7a000
Carl Cox;Inferno;55;Techno;https://i.scdn.co/image/ab67616d0000b27379783761fda7bb837083a4b2
Carl Cox;Deep Space X;55;Techno;https://i.scdn.co/image/ab67616d0000b27364f9633b4fe2f5d84186c354
Charlotte de Witte;The Age Of Love (Charlotte de Witte & Enrico Sangiuliano Remix);63;Techno;https://i.scdn.co/image/ab67616d0000b273c0eed84753e3e6a37e1b064e
Charlotte de Witte;Apollo - Original Mix;63;Techno;https://i.scdn.co/image/ab67616d0000b273ec9761059fe3fd434cff7c3e
Charlotte de Witte;Hold That Sucker Down (Mixed) - Charlotte de Witte Trance Remix;63;Techno;https://i.scdn.co/image/ab67616d0000b273254d69469a5cc0fcfe5b3c52
Charlotte de Witte;Doppler;63;Techno;https://i.scdn.co/image/ab67616d0000b273cc130721a4f6b91a6594a1ad
Charlotte de Witte;Universal Consciousness;63;Techno;https://i.scdn.co/image/ab67616d0000b273b7ef763bc6d10ee904a6119c
Maceo Plex;Insomnia 2021 - Epic Edit;54;Techno;https://i.scdn.co/image/ab67616d0000b273268ebbd9c58c0d0809ec0e55
Maceo Plex;Solitary Daze;54;Techno;https://i.scdn.co/image/ab67616d0000b2736b9ae7c783d1641aed77f8b8
Maceo Plex;Shadow (Maceo Plex Remix);54;Techno;https://i.scdn.co/image/ab67616d0000b27369ff053afe6df53a6a1fda92
Maceo Plex;Conjure Dreams;54;Techno;https://i.scdn.co/image/ab67616d0000b2738101058db1e613be75bd4efd
Maceo Plex;Gravy Train - Nicolas Jaar Remix;54;Techno;https://i.scdn.co/image/ab67616d0000b2733c21ec24271ac973937e76cc
Richie Hawtin;Spastik;40;Techno;https://i.scdn.co/image/ab67616d0000b2738a2f6214e68ce7f52c166a35
Richie Hawtin;Contain (In Key);40;Techno;https://i.scdn.co/image/ab67616d0000b273dc8615a07bce9b4e8a2ba147
Richie Hawtin;Consumed;40;Techno;https://i.scdn.co/image/ab67616d0000b273a7c070e0d1592f72f15ebaa7
Richie Hawtin;Darkseid - Richie Hawtin Remix;40;Techno;https://i.scdn.co/image/ab67616d00001e0239be5d35af9eda1162c1a82e
Richie Hawtin;Pakard;40;Techno;https://i.scdn.co/image/ab67616d0000b27322a3ba17a3b3b1b75f53c263
Stephan Bodzin;Singularity;50;Techno;https://i.scdn.co/image/ab67616d0000b2732ac0e90117cd58660ab0ed17
Stephan Bodzin;Sleepless - Stephan Bodzin Remix;50;Techno;https://i.scdn.co/image/ab67616d00001e02682938dca05151e5265d69b7
Stephan Bodzin;Atlas - Adriatique Remix;50;Techno;https://i.scdn.co/image/ab67616d0000b2730dc574d9e17d6c617d12cfd7
Stephan Bodzin;Atlas - Shall Ocin & Artbat Remix;50;Techno;https://i.scdn.co/image/ab67616d0000b273856a6bebc3075151095678dc
Stephan Bodzin;Astronautin - Boris Brejcha Remix;50;Techno;https://i.scdn.co/image/ab67616d0000b2734550e3779133a571e9822090
Peggy Gou;Starry Night - Edit;60;Techno;https://i.scdn.co/image/ab67616d0000b27374ac2cdc993ce37687b3ead7
Peggy Gou;Can't Get You out of My Head - Peggy Gou’s Midnight Remix;60;Techno;https://i.scdn.co/image/ab67616d0000b273e964a0bd5c22b5691ef177b8
Peggy Gou;It Makes You Forget (Itgehane) - Edit;60;Techno;https://i.scdn.co/image/ab67616d00001e026dc2a20e49bcadbd9f1349b0
Peggy Gou;Starry Night - Original Mix;60;Techno;https://i.scdn.co/image/ab67616d0000b27374ac2cdc993ce37687b3ead7
Peggy Gou;I Go - DJ Koze Remix;60;Techno;https://i.scdn.co/image/ab67616d0000b2732caf1bcb813ce6cf7c3edfc1
Mall Grab;Liverpool Street In The Rain;55;Techno;https://i.scdn.co/image/ab67616d0000b273185c2402ee0af82cfbe4b421
Mall Grab;You;55;Techno;https://i.scdn.co/image/ab67616d0000b273f9dfdba767ef4771f5764889
Mall Grab;Love Reigns;55;Techno;https://i.scdn.co/image/ab67616d0000b2732aebf40970cc9410d97cc65d
Mall Grab;Patience;55;Techno;https://i.scdn.co/image/ab67616d0000b273fa7fa048c4d04a4720f8ec13
Mall Grab;Menace II Society;55;Techno;https://i.scdn.co/image/ab67616d00001e027cc0861383b084d12b330222
Maya Jane Coles;What They Say;49;Techno;https://i.scdn.co/image/ab67616d0000b2735fc235dac602275bcfb0c869
Maya Jane Coles;Other Side;49;Techno;https://i.scdn.co/image/ab67616d0000b273ff001cdf6ca324c50e028fda
Maya Jane Coles;Bo & Wing;49;Techno;https://i.scdn.co/image/ab67616d0000b27311448ffbf420f3124f0c2a7b
Maya Jane Coles;Something In The Air - Bonobo Remix;49;Techno;https://i.scdn.co/image/ab67616d0000b2737a5d463b3e005f1a4e8c84da
Maya Jane Coles;Freefall (feat. Moxie Knox) - Edit;49;Techno;https://i.scdn.co/image/ab67616d0000b2731279c6f4a42217b4a1aaf3af
Recondite;Levo;43;Techno;https://i.scdn.co/image/ab67616d0000b2735b2864ed71537b1ff134e910
Recondite;Bird;43;Techno;https://i.scdn.co/image/ab67616d0000b273f598d2c4bec5ef9c4bee4ddf
Recondite;Naif;43;Techno;https://i.scdn.co/image/ab67616d0000b2734fc2c51fda8b1941f309dabf
Recondite;Warg;43;Techno;https://i.scdn.co/image/ab67616d0000b273a6aadf6056651bf7c17f3a44
Recondite;Tie In;43;Techno;https://i.scdn.co/image/ab67616d0000b2735aec4fbbdac19b3bb78c0c20